USE University_HR_ManagementSystem;
go
exec createAllTables
------
insert into Department (name,building_location)
values ('MET','C building')
insert into Department (name,building_location)
values ('BI','B building')
insert into Department (name,building_location)
values ('HR','N building')
insert into Department (name,building_location)
values ('Medical','B building')

select * from Department
----------------------
insert into Employee (first_name,last_name,email,
password,address,gender,official_day_off,years_of_experience,
national_ID,employment_status, type_of_contract,emergency_contact_name,
emergency_contact_phone,annual_balance,accidental_balance,hire_date,
last_working_day,dept_name)
values  ('Jack','John','jack.john@guc.edu.eg','123','new cairo',
'M','Saturday',0,'1234567890123456','active','full_time',
'Sarah','01234567892',
30,6,'09-01-2025',null,'MET'),

('Ahmed','Zaki','ahmed.zaki@guc.edu.eg','345',
'New Giza',
'M','Saturday',2,'1234567890123457','active','full_time',
'Mona Zaki','01234567893',
27,0,'09-01-2020',NULL,'BI'), -- EMPLOYEE WITH ZERO ACCIDENTAL LEAVES

('Sarah','Sabry','sarah.sabry@guc.edu.eg','567',
'Korba',
'F','Thursday',5,'1234567890123458','active','full_time',
'Hanen Turk','01234567894',
0,4,'09-01-2020',NULL,'MET'), -- EMPLOYEE WITH ZERO ANNUAL LEAVES

 ('Ahmed','Helmy','ahmed.helmy@guc.edu.eg','908',
'new Cairo',
'M','Thursday',2,'1234567890123459','active','full_time',
'Mona Zaki','01234567895',
8,4,'09-01-2019',NULL,'HR'), -- HR Employee

('Menna','Shalaby','menna.shalaby@guc.edu.eg','670',
'Heliopolis',
'F','Saturday',0,'1234567890123451','active','full_time',
'Mayan Samir','01234567896',
6,2,'09-01-2018',NULL,'HR'), 

('Mohamed','Ahmed','mohamed.ahmedy@guc.edu.eg','9087',
'Nasr City',
'M','Saturday',7,'1234567890123452','active','part_time',
'Marwan Samir','01234567897',
NULL,6,'09-01-2025',NULL,'BI'), --Part timer

('Esraa','Ahmed','esraa.ahmedy@guc.edu.eg','5690',
'New Cairo',
'F','Saturday',2,'1234567890123453','active','full_time',
'Magy Ahmed','01234567898',
36,6,'09-01-2024',NULL,'Medical'), --Medical DR

 ('Magy','Zaki','magy.zaki@guc.edu.eg','3790',
'6th of October city',
'F','Thursday',4,'1234567890123454','onleave','full_time',
'Mariam Ahmed','01234567899',
0,6,'01-01-2023',NULL,'BI'),

('Amr','Diab','amr.diab@guc.edu.eg','8954',
'Heliopolis',
'M','Saturday',4,'1234567890123450','active','full_time',
'Dina','01234567891',
10,10,'09-01-2023',NULL,'MET'),

 ('Marwan','Khaled','marwan.Khaled@guc.edu.eg','9023',
'New Cairo',
'M','Saturday',12,'1234567890123455','active','full_time',
'Omar Ahmed','01234567840',
NULL,NULL,'09-01-2024',NULL,'HR') , --HR Manager

('Ahmed','Salaheldin','ahmed.salaheldin@guc.edu.eg',
'a@123',
'Heliopolis',
'M','Saturday',20,'1234567890123460','active','full_time',
'Dina Ahmed','01234567811',
50,12,'09-01-2009',NULL,'BI'), --DEAN BI 

('Nagy','Zaki','nagy.zaki@guc.edu.eg',
'n@123',
'New Cairo',
'M','Thursday',15,'1234567890123450','onleave','full_time',
'Mona Ragy','01234567821',
40,20,'09-01-2010',NULL,'BI'), --VICE_DEAN BI 

('Hazem','Ali','hazem.ali@guc.edu.eg','h@123',
'New Giza',
'M','Saturday',30,'1234567890123420','active','full_time',
'Fatma Alaa','01234567871',
55,25,'09-01-2008',NULL,'MET'), --DEAN MET 

('Hadeel','Adel','hadeel.adel@guc.edu.eg','ha@123',
'Korba',
'F','Saturday',20,'1234567890123220','active','full_time',
'Mariam Alaa','01234567861',
3,12,'09-01-2010',NULL,'MET'), --vice_dean MET 

('Ali','Mohamed','ali.mohamed@guc.edu.eg','am@123',
'New Cairo',
'M','Saturday',35,'1234567890123120','active','full_time',
'Hesham Ali','01234567761',
null,null,'09-01-2002',null,null), --President 

 ('Donia','Tarek','donia.tarek@guc.edu.eg','dt@123',
'New Cairo',
'F','Saturday',22,'1234567891123120','active','full_time',
'Yasmine Tarek','01234267761',
null,null,'09-01-2006',null,null), --vice President

('Karim','Abdelaziz','karim.abdelaziz@guc.edu.eg',
'ka@123','New Cairo','M','Wednesday',4,'1234567890123120','resigned','full_time',
'Maged ElKedwany','01234277761',
0,0,'09-01-2020','09-20-2025','MET'), --Resigned

('Ghada','Adel','ghada.adel@guc.edu.eg','ga@123',
'Korba',
'F','Saturday',2,'1234567811123120','notice_period','full_time',
'Taha Hussein','01234277761',
0,4,'01-01-2024',NULL,'BI') , --notice_period

('Yasmine','AbdelAziz','yasmine.abdelaziz@guc.edu.eg',
'ya@123','Nasr City','F','Monday',8,'1234567111123120','notice_period',
'full_time','Ramez','01234777761',10,5,'09-01-2022',NULL,'MET')


SELECT * FROM Employee
----------------------------
insert into Employee_Phone (emp_id,phone_num) values (1,'01234567890')
insert into Employee_Phone (emp_id,phone_num) values (2,'01234567891')
insert into Employee_Phone (emp_id,phone_num) values (3,'01234567892')
insert into Employee_Phone (emp_id,phone_num) values (4,'01234567893')
insert into Employee_Phone (emp_id,phone_num) values (5,'01234567894')
insert into Employee_Phone (emp_id,phone_num) values (6,'01234567895')
insert into Employee_Phone (emp_id,phone_num) values (7,'01234567896')
insert into Employee_Phone (emp_id,phone_num) values (8,'01234567897')
insert into Employee_Phone (emp_id,phone_num) values (9,'01234567898')
insert into Employee_Phone (emp_id,phone_num) values (10,'01234567899')
insert into Employee_Phone (emp_id,phone_num) values (11,'01234567880')
insert into Employee_Phone (emp_id,phone_num) values (11,'01234567881')
insert into Employee_Phone (emp_id,phone_num) values (12,'01234567882')
insert into Employee_Phone (emp_id,phone_num) values (13,'01234567883')
insert into Employee_Phone (emp_id,phone_num) values (14,'01234567884')
insert into Employee_Phone (emp_id,phone_num) values (15,'01234567885')
insert into Employee_Phone (emp_id,phone_num) values (16,'01234567886')
insert into Employee_Phone (emp_id,phone_num) values (17,'01234567887')
insert into Employee_Phone (emp_id,phone_num) values (18,'01234567888')
insert into Employee_Phone (emp_id,phone_num) values (19,'01234567889')
insert into Employee_Phone (emp_id,phone_num) values (19,'01234567800')

select * from Employee_Phone
------------------
insert into role (role_name,title,description,rank,base_salary,
percentage_YOE,percentage_overtime,annual_balance,
accidental_balance)
values ('President','Upper Board','Manage University',
1,100000,25.00,25.00,NULL,NULL)
insert into role (role_name,title,description,rank,base_salary,
percentage_YOE,percentage_overtime,annual_balance,
accidental_balance)
values ('Vice President','Upper Board','Helps the president.',
2,75000,20.00,20.00,NULL,NULL)
insert into role (role_name,title,description,rank,base_salary,
percentage_YOE,percentage_overtime,annual_balance,
accidental_balance)
values ('Dean','PHD Holder','Manage the Academic Department.',
3,60000,18.00,18.00,40,12)
insert into role (role_name,title,description,rank,base_salary,
percentage_YOE,percentage_overtime,annual_balance,
accidental_balance)
values ('Vice Dean','PHD Holder','Helps the Dean.',
4,55000,15.00,15.00,35,12)
insert into role (role_name,title,description,rank,base_salary,
percentage_YOE,percentage_overtime,annual_balance,
accidental_balance)
values ('HR Manager','Manager','Manage the HR Department.',
3,60000,18.00,18.00,40,12)
insert into role (role_name,title,description,rank,base_salary,
percentage_YOE,percentage_overtime,annual_balance,
accidental_balance)
values ('HR_Representative_MET','Representative','Assigned to MET department',
4,50000,15.00,15.00,35,12)
insert into role (role_name,title,description,rank,base_salary,
percentage_YOE,percentage_overtime,annual_balance,
accidental_balance)
values ('HR_Representative_BI','Representative','Assigned to BI department',
4,50000,15.00,15.00,35,12)
insert into role (role_name,title,description,rank,base_salary,
percentage_YOE,percentage_overtime,annual_balance,
accidental_balance)
values ('Lecturer','PHD Holder','Delivering Academic Courses.',
5,45000,12.00,12.00,30,12)
insert into role (role_name,title,description,rank,base_salary,
percentage_YOE,percentage_overtime,annual_balance,
accidental_balance)
values ('Teaching Assistant','Master Holder','Assists the Lecturer.',
6,40000,10.00,10.00,30,6)
insert into role (role_name,title,description,rank,base_salary,
percentage_YOE,percentage_overtime,annual_balance,
accidental_balance)
values ('Medical Doctor','Dr','Diagnosing and managing patients’health conditions',
null,35000,10.00,10.00,30,6)
select * from Role
select * from Department
select * from Employee
--------------------------------
insert into Employee_Role (emp_ID,role_name)
values (1,'Teaching Assistant') --MET
insert into Employee_Role (emp_ID,role_name)
values (2,'Teaching Assistant') --BI
insert into Employee_Role (emp_ID,role_name)
values (3,'Lecturer') --MET
insert into Employee_Role (emp_ID,role_name)
values (4,'HR_Representative_BI')
insert into Employee_Role (emp_ID,role_name)
values (5,'HR_Representative_MET')
insert into Employee_Role (emp_ID,role_name)
values (6,'Lecturer') --BI
insert into Employee_Role (emp_ID,role_name)
values (7,'Medical Doctor')
insert into Employee_Role (emp_ID,role_name)
values (8,'Teaching Assistant') --BI
insert into Employee_Role (emp_ID,role_name)
values (9,'Teaching Assistant') --MET
insert into Employee_Role (emp_ID,role_name)
values (10,'HR Manager') 
insert into Employee_Role (emp_ID,role_name)
values (11,'Dean') --BI
insert into Employee_Role (emp_ID,role_name)
values (11,'Lecturer') --BI 
insert into Employee_Role (emp_ID,role_name)
values (12,'Vice Dean') --BI
insert into Employee_Role (emp_ID,role_name)
values (12,'Lecturer') --BI 
insert into Employee_Role (emp_ID,role_name)
values (13,'Dean') --MET
insert into Employee_Role (emp_ID,role_name)
values (13,'Lecturer') --MET 
insert into Employee_Role (emp_ID,role_name)
values (14,'Vice Dean') --MET
insert into Employee_Role (emp_ID,role_name)
values (14,'Lecturer') --MET 
insert into Employee_Role (emp_ID,role_name)
values (15,'President')
insert into Employee_Role (emp_ID,role_name)
values (16,'Vice President')
insert into Employee_Role (emp_ID,role_name)
values (17,'Lecturer') --MET 
insert into Employee_Role (emp_ID,role_name)
values (18,'Teaching Assistant') --	BI 
insert into Employee_Role (emp_ID,role_name)
values (19,'Lecturer') --MET 
select * from Employee_Role
---------------------------------------------
insert into Role_existsIn_Department (department_name,Role_name)
values ('BI','Dean')
insert into Role_existsIn_Department (department_name,Role_name)
values ('BI','Vice Dean')
insert into Role_existsIn_Department (department_name,Role_name)
values ('BI','Lecturer')
insert into Role_existsIn_Department (department_name,Role_name)
values ('BI','Teaching Assistant')
insert into Role_existsIn_Department (department_name,Role_name)
values ('MET','Dean')
insert into Role_existsIn_Department (department_name,Role_name)
values ('MET','Vice Dean')
insert into Role_existsIn_Department (department_name,Role_name)
values ('MET','Lecturer')
insert into Role_existsIn_Department (department_name,Role_name)
values ('MET','Teaching Assistant')
insert into Role_existsIn_Department (department_name,Role_name)
values ('HR','HR_Representative_BI')
insert into Role_existsIn_Department (department_name,Role_name)
values ('HR','HR_Representative_MET')
insert into Role_existsIn_Department (department_name,Role_name)
values ('HR','HR Manager')
insert into Role_existsIn_Department (department_name,Role_name)
values ('Medical','Medical Doctor')

select * from Role_existsIn_Department
------------------------------------------------------
--annual approved TA ID =8
insert into leave (date_of_request,start_date,end_date
,final_approval_status)
values ('10-10-2025','10-26-2025','11-01-2025','approved') 
--annual approved vice DeanID=12
insert into leave (date_of_request,start_date,end_date
,final_approval_status)
values ('09-15-2025','10-19-2025','10-30-2025','approved') 
-- WILL BE rejected no balance id=3
insert into leave (date_of_request,start_date,end_date
,final_approval_status)
values ('10-09-2025','10-28-2025','10-28-2025','PENDING')
-- should be rejected since person of replacement vice dean on leave
insert into leave (date_of_request,start_date,end_date
,final_approval_status)
values ('10-15-2025','10-30-2025','11-01-2025','pending')
--Annual submitted by HR id 5 replacement-id 4.will be rejected since 
--employee id =4 day-off between this range
insert into leave (date_of_request,start_date,end_date
,final_approval_status)
values ('10-26-2025','10-28-2025','10-30-2025','pending') 

-- accidental  (6,7,8)
-- approved
insert into leave (date_of_request,start_date,end_date
,final_approval_status)
values ('10-27-2025','10-26-2025','10-26-2025','pending') 
-- should be rejected 0due to balance
insert into leave (date_of_request,start_date,end_date
,final_approval_status)
values ('10-27-2025','10-26-2025','10-26-2025','pending') 
-- rejection due to late submission after 48 hours
insert into leave (date_of_request,start_date,end_date
,final_approval_status)
values ('10-26-2025','10-22-2025','10-22-2025','pending')

-- medical (9,10,11,12)
-- Pending sick leave
insert into leave (date_of_request,start_date,end_date
,final_approval_status)
values ('10-28-2025','10-30-2025','10-30-2025','pending')
-- approved maternity leave
insert into leave (date_of_request,start_date,end_date
,final_approval_status)
values ('09-13-2022','11-21-2022','03-21-2023','approved')
insert into leave (date_of_request,start_date,end_date
,final_approval_status)
values ('01-12-2024','02-13-2024','06-13-2024','approved')
-- should be rejected maternity Leave due to egyptian labor Law
insert into leave (date_of_request,start_date,end_date
,final_approval_status)
values ('09-13-2025','11-13-2025','03-13-2026','pending')

-- unpaid (13,14,15,16)
--approved case
insert into leave (date_of_request,start_date,end_date
,final_approval_status)
values ('07-13-2025','08-13-2025','09-09-2025','approved')
--should be rejected since duration is more than 30 days
insert into leave (date_of_request,start_date,end_date
,final_approval_status)
values ('08-13-2025','11-02-2025','12-13-2025','Pending')
--should be rejected employee can only get  1 approved unpaid leave per year
-- request id =13
insert into leave (date_of_request,start_date,end_date
,final_approval_status)
values ('11-15-2025','11-27-2025','12-02-2025','Pending')
--should be approved , balance=0 employee-id=8
insert into leave (date_of_request,start_date,end_date
,final_approval_status)
values ('10-15-2025','11-20-2025','12-02-2025','Pending')

--Compensation (17,18,19,20)
--approved 
insert into leave (date_of_request,start_date,end_date
,final_approval_status)
values ('10-05-2025','10-06-2025','10-06-2025','approved') 
--rejected less than 8 hours --attendance table 
insert into leave (date_of_request,start_date,end_date
,final_approval_status)
values ('10-26-2025','10-29-2025','10-29-2025','pending')
--should be rejected not same month  --attendance table
insert into leave (date_of_request,start_date,end_date
,final_approval_status)
values ('10-10-2025','11-03-2025','11-03-2025','pending')
--rejected since person of replacement is on his day off
insert into leave (date_of_request,start_date,end_date
,final_approval_status) 
values ('10-27-2025','10-30-2025','10-30-2025','pending')

-- medical leave rejected
insert into leave (date_of_request,start_date,end_date
,final_approval_status)
values ('09-13-2025','11-13-2025','03-13-2026','rejected')


select * from Leave
----------------------------------------
insert into Annual_Leave (request_ID,emp_ID,replacement_emp)
values (1,8,2)
insert into Annual_Leave (request_ID,emp_ID,replacement_emp)
values (2,12,11)
insert into Annual_Leave (request_ID,emp_ID,replacement_emp)
values (3,3,10)
insert into Annual_Leave (request_ID,emp_ID,replacement_emp)
values (4,11,12)
insert into Annual_Leave (request_ID,emp_ID,replacement_emp)
values (5,5,4)

select * from Annual_Leave
---------------
insert into Accidental_Leave (request_ID,emp_ID) 
values (6,1)
insert into Accidental_Leave (request_ID,emp_ID) 
values (7,18)
insert into Accidental_Leave (request_ID,emp_ID) 
values (8,3)

select * from Accidental_Leave
------------------
insert into Medical_Leave (request_ID,insurance_status,disability_details,type,Emp_ID)
values (9,1,null,'sick',19)
insert into Medical_Leave (request_ID,insurance_status,disability_details,type,Emp_ID)
values (10,1,null,'maternity',3)
insert into Medical_Leave (request_ID,insurance_status,disability_details,type,Emp_ID)
values (11,1,null,'maternity',3)
insert into Medical_Leave (request_ID,insurance_status,disability_details,type,Emp_ID)
values (12,1,null,'maternity',3)

insert into Medical_Leave (request_ID,insurance_status,disability_details,type,Emp_ID)
values (21,1,null,'sick',8)

select * from Medical_Leave
-----------------
insert into Unpaid_Leave (request_id,Emp_ID)
values (13,2)
insert into Unpaid_Leave (request_id,Emp_ID)
values (14,1)
insert into Unpaid_Leave (request_id,Emp_ID)
values (15,2)
insert into Unpaid_Leave (request_id,Emp_ID)
values (16,8)

select * from Unpaid_Leave
-------------------
insert into Compensation_Leave (request_ID,reason, date_of_original_workday,emp_ID,
replacement_emp)
values (17, 'proctoring','10-02-2025',8,18)
insert into Compensation_Leave (request_ID,reason, date_of_original_workday,emp_ID,
replacement_emp)
values (18, 'proctoring','10-04-2025',1,9)
insert into Compensation_Leave (request_ID,reason, date_of_original_workday,emp_ID,
replacement_emp)
values (19, 'Grading','09-04-2025',3,1)
insert into Compensation_Leave (request_ID,reason, date_of_original_workday,emp_ID,
replacement_emp)
values (20, 'Grading','10-04-2025',18,8)

select * from Compensation_Leave
-----------------------------------------------
--EmpID=1
insert into document  (type,description,file_name,creation_date,expiry_date,status,emp_ID,medical_ID,unpaid_ID)
values ('contract','Contract of employee','Contract1','09-01-2025','08-31-2026','valid',1,null,null)
insert into document  (type,description,file_name,creation_date,expiry_date,status,emp_ID,medical_ID,unpaid_ID)
values ('Memo','memo for unpaid','memo1','08-13-2025','11-01-2025','valid',1,null,14)
--EmpID=2
insert into document  (type,description,file_name,creation_date,expiry_date,status,emp_ID,medical_ID,unpaid_ID)
values ('Contract','Contract of employee','Contract2','09-01-2025','08-31-2026','valid',2,null,null)
insert into document  (type,description,file_name,creation_date,expiry_date,status,emp_ID,medical_ID,unpaid_ID)
values ('Memo','memo for unpaid','memo_21','07-13-2025','08-12-2025','expired',2,null,13)
insert into document  (type,description,file_name,creation_date,expiry_date,status,emp_ID,medical_ID,unpaid_ID)
values ('Memo','memo for unpaid','memo_22','11-15-2025','11-26-2025','valid',2,null,15)
--EmpID=3
insert into document  (type,description,file_name,creation_date,expiry_date,status,emp_ID,medical_ID,unpaid_ID)
values ('Contract','Contract of employee','Contract3','09-01-2025','08-31-2026','valid',3,null,null)
insert into document  (type,description,file_name,creation_date,expiry_date,status,emp_ID,medical_ID,unpaid_ID)
values ('Medical','Medical Document','Medical_31','09-13-2022','11-20-2022','expired',3,10,null)
insert into document  (type,description,file_name,creation_date,expiry_date,status,emp_ID,medical_ID,unpaid_ID)
values ('Medical','Medical Document','Medical_32','01-12-2024','02-12-2024','expired',3,11,null)
insert into document  (type,description,file_name,creation_date,expiry_date,status,emp_ID,medical_ID,unpaid_ID)
values ('Medical','Medical Document','Medical_33','09-13-2025','11-12-2025','valid',3,12,null)
insert into document  (type,description,file_name,creation_date,expiry_date,status,emp_ID,medical_ID,unpaid_ID)
values ('Contract','Contract of employee','Contract4','09-01-2025','08-31-2026','valid',4,null,null)
insert into document  (type,description,file_name,creation_date,expiry_date,status,emp_ID,medical_ID,unpaid_ID)
values ('Contract','Contract of employee','Contract5','09-01-2025','08-31-2026','valid',5,null,null)
insert into document  (type,description,file_name,creation_date,expiry_date,status,emp_ID,medical_ID,unpaid_ID)
values ('Contract','Contract of employee','Contract6','09-01-2025','08-31-2026','valid',6,null,null)
insert into document  (type,description,file_name,creation_date,expiry_date,status,emp_ID,medical_ID,unpaid_ID)
values ('Contract','Contract of employee','Contract7','09-01-2025','08-31-2026','valid',7,null,null)
--empid=8
insert into document  (type,description,file_name,creation_date,expiry_date,status,emp_ID,medical_ID,unpaid_ID)
values ('Contract','Contract of employee','Contract8','01-01-2025','12-31-2026','valid',8,null,null)
insert into document  (type,description,file_name,creation_date,expiry_date,status,emp_ID,medical_ID,unpaid_ID)
values ('Memo','Memo for Unpaid','Memo 8','10-15-2025','11-20-2025','valid',8,null,15)
insert into document  (type,description,file_name,creation_date,expiry_date,status,emp_ID,medical_ID,unpaid_ID)
values ('Contract','Contract of employee','Contract9','09-01-2025','08-31-2026','valid',9,null,null)
insert into document  (type,description,file_name,creation_date,expiry_date,status,emp_ID,medical_ID,unpaid_ID)
values ('Contract','Contract of employee','Contract10','09-01-2025','08-31-2026','valid',10,null,null)
insert into document  (type,description,file_name,creation_date,expiry_date,status,emp_ID,medical_ID,unpaid_ID)
values ('Contract','Contract of employee','Contract11','09-01-2025','08-31-2026','valid',11,null,null)
insert into document  (type,description,file_name,creation_date,expiry_date,status,emp_ID,medical_ID,unpaid_ID)
values ('Contract','Contract of employee','Contract12','09-01-2025','08-31-2026','valid',12,null,null)
insert into document  (type,description,file_name,creation_date,expiry_date,status,emp_ID,medical_ID,unpaid_ID)
values ('Contract','Contract of employee','Contract13','01-01-2025','12-31-2026','valid',13,null,null)
insert into document  (type,description,file_name,creation_date,expiry_date,status,emp_ID,medical_ID,unpaid_ID)
values ('Contract','Contract of employee','Contract14','09-01-2025','08-31-2026','valid',14,null,null)
insert into document  (type,description,file_name,creation_date,expiry_date,status,emp_ID,medical_ID,unpaid_ID)
values ('Contract','Contract of employee','Contract15','09-01-2025','08-31-2026','valid',15,null,null)
insert into document  (type,description,file_name,creation_date,expiry_date,status,emp_ID,medical_ID,unpaid_ID)
values ('Contract','Contract of employee','Contract16','09-01-2025','08-31-2026','valid',16,null,null)
insert into document  (type,description,file_name,creation_date,expiry_date,status,emp_ID,medical_ID,unpaid_ID)
values ('Contract','Contract of employee','Contract17','09-01-2025','08-31-2026','valid',17,null,null)
insert into document  (type,description,file_name,creation_date,expiry_date,status,emp_ID,medical_ID,unpaid_ID)
values ('Contract','Contract of employee','Contract18','01-01-2025','12-31-2025','valid',18,null,null)
--empID=19
insert into document  (type,description,file_name,creation_date,expiry_date,status,emp_ID,medical_ID,unpaid_ID)
values ('Contract','Contract of employee','Contract19','09-01-2025','08-31-2026','valid',19,null,null)
insert into document  (type,description,file_name,creation_date,expiry_date,status,emp_ID,medical_ID,unpaid_ID)
values ('Medical','medical doc','medical 19','10-28-2025','10-30-2025','valid',19,9,null)

select * from Document
----------------------------
insert into Attendance (date,check_in_time,check_out_time,status,emp_ID)
values ('09-04-2025','08:30','17:30','attended',3) --requestID =19
insert into Attendance (date,check_in_time,check_out_time,status,emp_ID)
values ('10-02-2025','08:30','16:30','attended',8)--requestID =17
insert into Attendance (date,check_in_time,check_out_time,status,emp_ID)
values ('10-04-2025','08:30','14:30','attended',1) --requestID =18
insert into Attendance (date,check_in_time,check_out_time,status,emp_ID)
values ('10-04-2025','08:30','17:13','attended',18) --requestID =20
insert into Attendance (date,check_in_time,check_out_time,status,emp_ID)
values ('10-27-2025',null,null,'absent',1) --absent
insert into Attendance (date,check_in_time,check_out_time,status,emp_ID)
values ('09-8-2025',null,null,'absent',1) --absent
insert into Attendance (date,check_in_time,check_out_time,status,emp_ID)
values ('10-15-2025','08:30','16:00','attended',1)

select * from Attendance
-----------------------------------------
--Annual Leaves 
insert into Employee_Replace_Employee (Emp1_ID,Emp2_ID,from_date, to_date)
values (8,2,'10-26-2025','11-01-2025')
insert into Employee_Replace_Employee (Emp1_ID,Emp2_ID,from_date, to_date)
values (12,11,'10-19-2025','10-30-2025')
--Compensation leaves 
insert into Employee_Replace_Employee (Emp1_ID,Emp2_ID,from_date, to_date)
values (8,18,'10-06-2025','10-06-2025')

select * from Employee_Replace_Employee
-------------------------------------------
INSERT INTO Performance (rating,comments,semester,emp_ID)
values (4,'Very Good','W24',2)
INSERT INTO Performance (rating,comments,semester,emp_ID)
values (3,'Good','S25',2)
INSERT INTO Performance (rating,comments,semester,emp_ID)
values (4,'Very Good','W24',10)
INSERT INTO Performance (rating,comments,semester,emp_ID)
values (5,'Excellent','S25',10)

select * from Performance
------------------------------------------------
--case 1 due to absent day -- empid =1
insert into Deduction (emp_ID,date,amount,type,
status,unpaid_ID,attendance_ID)
values (1,'10-01-2025',1333.33,'missing_days','finalized',null,7)

insert into Deduction (emp_ID,date,amount,type,
status,unpaid_ID,attendance_ID)
values (1,'10-28-2025',1333.33,'missing_days','pending',null,5)

--case 2 due to Unpaid Leave  affect 2 month
--salary =48K, DAY 1600
insert into Deduction (emp_ID,date,amount,type,
status,unpaid_ID,attendance_ID)
values (2,'09-01-2025',30400,'unpaid','finalized',13,null)

insert into Deduction (emp_ID,date,amount,type,
status,unpaid_ID,attendance_ID)
values (2,'10-01-2025',14400,'unpaid','finalized',13,null)

--case 3 due to Missing Hours (14 hours missing)
-- his salary =56K, hour =233.33
insert into Deduction (emp_ID,date,amount,type,
status,unpaid_ID,attendance_ID)
values (10,'10-01-2025',3266.66,'missing_hours','finalized',null,null)

select * from Deduction



------------------
-- Deductions
insert into Payroll (payment_date,final_salary_amount,from_date,to_date,comments,bonus_amount,deductions_amount,emp_ID)
values ('10-01-2025',38666.67,'09-01-2025','09-30-2025','Has deduction',0,1333.33,1)
insert into Payroll (payment_date,final_salary_amount,from_date,to_date,comments,bonus_amount,deductions_amount,emp_ID)
values ('09-01-2025',17600 ,'08-01-2025','08-31-2025','unpaid Leave',0,30400,2)
insert into Payroll (payment_date,final_salary_amount,from_date,to_date,comments,bonus_amount,deductions_amount,emp_ID)
values ('10-01-2025',33600 ,'09-01-2025','09-30-2025','unpaid Leave',0,14400,2)
insert into Payroll (payment_date,final_salary_amount,from_date,to_date,comments,bonus_amount,deductions_amount,emp_ID)
values ('10-01-2025',52733.34,'09-01-2025','09-30-2025','Missing Hours',0,3266.66,9)
---- Bonuses due to overtime --empId=11 dean and lecturer extra hours 12 hours 
insert into Payroll (payment_date,final_salary_amount,from_date,to_date,comments,bonus_amount,deductions_amount,emp_ID)
values ('04-01-2025',276540,'03-01-2025','03-31-2025','Overtime Factor',540,0,11)


select * from Payroll

--------------------------------
-- Annual Leaves 
insert into Employee_Approve_Leave (Emp1_ID,leave_ID,status)
values (11,1,'approved')  --approved by BI Dean
insert into Employee_Approve_Leave (Emp1_ID,leave_ID,status)
values (4,1,'approved') --approved by HR Reprentative for BI
insert into Employee_Approve_Leave (Emp1_ID,leave_ID,status)
values (15,2,'approved')  --approved by PRESIDENT
insert into Employee_Approve_Leave (Emp1_ID,leave_ID,status)
values (4,2,'approved') --approved by HR Reprentative for BI
insert into Employee_Approve_Leave (Emp1_ID,leave_ID,status)
values (13,3,'PENDING')  -- dean of MET 
insert into Employee_Approve_Leave (Emp1_ID,leave_ID,status)
values (5,3,'PENDING') -- HR Reprentative for MET
insert into Employee_Approve_Leave (Emp1_ID,leave_ID,status)
values (15,4,'PENDING')  --PRESIDENT
insert into Employee_Approve_Leave (Emp1_ID,leave_ID,status)
values (4,4,'PENDING') -- HR Reprentative for BI
insert into Employee_Approve_Leave (Emp1_ID,leave_ID,status)
values (9,5,'PENDING') -- HR Manager

--Accidental Leaves
insert into Employee_Approve_Leave (Emp1_ID,leave_ID,status)
values (5,6,'PENDING') -- MET_Representative
insert into Employee_Approve_Leave (Emp1_ID,leave_ID,status)
values (4,7,'PENDING') -- BI_Representative
insert into Employee_Approve_Leave (Emp1_ID,leave_ID,status)
values (5,8,'PENDING') -- MET_Representative

-- Medical Leaves
insert into Employee_Approve_Leave (Emp1_ID,leave_ID,status)
values (4,9,'PENDING') -- MET_Representative is onleave , replaced by empid=4  
insert into Employee_Approve_Leave (Emp1_ID,leave_ID,status)
values (7,9,'PENDING') --doctor approval

insert into Employee_Approve_Leave (Emp1_ID,leave_ID,status)
values (5,10,'approved') --  MET_Representative
insert into Employee_Approve_Leave (Emp1_ID,leave_ID,status)
values (7,10,'approved') --Doctor approval

insert into Employee_Approve_Leave (Emp1_ID,leave_ID,status)
values (5,11,'approved') --  MET_Representative
insert into Employee_Approve_Leave (Emp1_ID,leave_ID,status)
values (7,11,'approved') --Doctor approval

insert into Employee_Approve_Leave (Emp1_ID,leave_ID,status)
values (5,12,'PENDING') --  MET_Representative
insert into Employee_Approve_Leave (Emp1_ID,leave_ID,status)
values (7,12,'PENDING') --Doctor approval

--unpaid Leave 
insert into Employee_Approve_Leave (Emp1_ID,leave_ID,status)
values (15,13,'approved') --president
insert into Employee_Approve_Leave (Emp1_ID,leave_ID,status)
values (11,13,'approved') --Dean_BI 
insert into Employee_Approve_Leave (Emp1_ID,leave_ID,status)
values (4,13,'approved') --HR_BI 

insert into Employee_Approve_Leave (Emp1_ID,leave_ID,status)
values (15,14,'PENDING') --president
insert into Employee_Approve_Leave (Emp1_ID,leave_ID,status)
values (13,14,'PENDING') --Dean_MET
insert into Employee_Approve_Leave (Emp1_ID,leave_ID,status)
values (5,14,'PENDING') --HR_MET 


insert into Employee_Approve_Leave (Emp1_ID,leave_ID,status)
values (15,15,'PENDING') --president
insert into Employee_Approve_Leave (Emp1_ID,leave_ID,status)
values (11,15,'PENDING') --Dean_BI
insert into Employee_Approve_Leave (Emp1_ID,leave_ID,status)
values (4,15,'PENDING') --HR_BI

insert into Employee_Approve_Leave (Emp1_ID,leave_ID,status)
values (15,16,'PENDING') --president
insert into Employee_Approve_Leave (Emp1_ID,leave_ID,status)
values (11,16,'PENDING') --Dean_BI
insert into Employee_Approve_Leave (Emp1_ID,leave_ID,status)
values (4,16,'PENDING') --HR_BI

--Compensation Leave
insert into Employee_Approve_Leave (Emp1_ID,leave_ID,status)
values (4,17,'approved') --HR_BI
insert into Employee_Approve_Leave (Emp1_ID,leave_ID,status)
values (5,18,'pending') --HR_MET
insert into Employee_Approve_Leave (Emp1_ID,leave_ID,status)
values (5,19,'pending') --HR_MET
insert into Employee_Approve_Leave (Emp1_ID,leave_ID,status)
values (5,20,'pending') --HR_MET
------------------------------------------------------












